# id	группа	кто	текст для записи	якорь исходного текста (подстрока в игре)	тег	приоритет	урок (5-Б2)
2-B_z01	2-Б · ролики переходов (одностроки Звенышка)	zven	Держитесь вместе!	Держитесь вместе!	[urgently]	P1	
2-B_z02	2-Б · ролики переходов (одностроки Звенышка)	zven	Раковины на мелях! Сыграйте — конь замрёт!	Раковины на мелях! Сыграйте	[excited]	P0	
2-B_z03	2-Б · ролики переходов (одностроки Звенышка)	zven	Пелагея, Совиный взор! Прошка — рогатку!	Пелагея, Совиный взор! Прошка — рогатку!	[urgently]	P0	
2-B_z04	2-Б · ролики переходов (одностроки Звенышка)	zven	В лад! На «бом» — бейте!	В лад! На «бом» — бейте!	[excited]	P0	
2-B_z05	2-Б · ролики переходов (одностроки Звенышка)	zven	Вместе — разом!	Вместе — разом!	[cheerfully]	P1	
2-B_z06	2-Б · этап 1 · Сом-перевозчик	zven	Красная дорожка — сом бросится! Кувырок!	Красная дорожка заполняется — сом сейчас бросится	[urgently]	P0	
2-B_z07	2-Б · этап 1 · Сом-перевозчик	zven	Бросился на мель — Прошка, рогатку в ус!	Бросился на мель — бьётся там	[excited]	P0	
2-B_z08	2-Б · этап 2 · Водяные кони	zven	Сыграй у ракушки — конь замрёт.	Сыграй [кнопка] у раковины на мели	[calmly]	P0	
2-B_z09	2-Б · этап 2 · Водяные кони	zven	Другой — прыгай на коня!	Садится ДРУГОЙ: подпрыгни	[excited]	P0	
2-B_z10	2-Б · этап 2 · Водяные кони	zven	Кто играет — держит коня.	Кто играет — держит коня.	[calmly]	P1	
2-B_z11	2-Б · этап 3 · Омут-зеркало	zven	Совиный взор — найдёт настоящего!	Совиный взор [кнопка] — отражения станут прозрачной водой	[excited]	P0	
2-B_z12	2-Б · этап 3 · Омут-зеркало	zven	Метка горит — все бейте!	Прошка, метни рогатку [кнопка] в настоящего	[urgently]	P1	
2-B_z13	2-Б · этап 4 · Великий вал	zven	Жди «БОМ!» — бей свой колокол.	Средний колокол отбивает	[urgently]	P0	
2-B_z14	2-Б · этап 4 · Великий вал	zven	Круг сошёлся с кольцом — бей!	Смотри на круг у своего колокола	[urgently]	P1	
2-B_z15	2-Б · этап 4 · Великий вал	zven	Оба разом — Богатырский мах!	Ударьте [кнопка] ОБА РАЗОМ — Богатырский мах!	[excited]	P0	
3-B_z01	3-Б · этап 1 · Свист	zven	Белая волна низкая — прыгай!	Белая волна низкая — прыгни	[urgently]	P0	
3-B_z02	3-Б · этап 1 · Свист	zven	Синяя волна — встань за Потапа!	Синяя волна высокая — встань в синюю тень	[urgently]	P0	
3-B_z03	3-Б · этап 1 · Свист	zven	Йоша, плесни воды в клюв!	Соловей дует щёки — набирает воздух	[excited]	P1	
3-B_z04	3-Б · этап 2 · Тьма	zven	Щитом отрази свет — зайчик!	Зажги перо [кнопка] и встань рядом с Потапом	[excited]	P0	
3-B_z05	3-Б · этап 2 · Тьма	zven	Фиолетовая волна гасит перо — прыгай!	фиолетовая волна гасит перо	[urgently]	P1	
3-B_z06	3-Б · этап 2 · Тьма	zven	Упал во тьме — свети пером, бей!	Соловей упал! Во тьме он — плоская тень	[excited]	P0	
3-B_z07	3-Б · этап 3 · Буря	zven	В вихрь — и верхом на Соловья!	в вихрь — и верхом на Соловья!	[excited]	P0	
3-B_z08	3-Б · этап 3 · Буря	zven	Кренится — наклонись в другую сторону!	Ты верхом! Кренится	[urgently]	P0	
3-B_z09	3-Б · этап 3 · Буря	zven	Петля — бей колокол на «БОМ»!	Мёртвая петля! Кто внизу	[urgently]	P1	
3-B_z10	3-Б · этап 3 · Буря	zven	Двойной звон — Соловей оглох!	Соловей оглох, падает — бейте его, бейте!	[excited]	P1	
3-B_z11	3-Б · этап 4 · Главный свист	zven	Три жёлудя — настоящий один.	у клюва три жёлудя, настоящий — один	[calmly]	P0	
3-B_z12	3-Б · этап 4 · Главный свист	zven	Выдох — все за щит Потапа!	Выдох — ветер к краю	[urgently]	P0	
3-B_z13	3-Б · этап 4 · Главный свист	zven	Вдох — Прошка, стреляй в золотой!	Вдох — смени героя	[excited]	P1	
3-B_z14	3-Б · этап 4 · Главный свист	zven	Сдулся! Бейте оба разом!	Соловей сдулся! Подбегите	[excited]	P1	
4-B_z01	4-Б · этап 1 · Три запала	zven	Один — у левой, другой — у правой!	первый игрок — у левой головы	[urgently]	P0	
4-B_z02	4-Б · этап 1 · Три запала	zven	Красный зубец у голодной — кувырок!	красный зубец — кувырок	[urgently]	P0	
4-B_z03	4-Б · этап 1 · Три запала	zven	Все три головы — оглушите разом!	ещё раз: все три головы оглушите	[excited]	P1	
4-B_z04	4-Б · этап 2 · Вдох	zven	Вдох тянет всех — держите щит!	большой вдох тянет всех к средней	[urgently]	P0	
4-B_z05	4-Б · этап 2 · Вдох	zven	На вдохе — жёлудем из рогатки!	на вдохе средней — жёлудем из рогатки	[urgently]	P0	
4-B_z06	4-Б · этап 2 · Вдох	zven	Слабое место — один удар!	Совиный взор: слабое место	[excited]	P1	
4-B_z07	4-Б · этап 2 · Вдох	zven	Потап, щит — закроет всех за спиной!	Средняя огнём дует! Потап	[urgently]	P1	
4-B_z08	4-Б · этап 3 · Узда	zven	Узду — клещами, вдвоём, с двух сторон!	на шее видно место для узды	[urgently]	P0	
4-B_z09	4-Б · этап 3 · Узда	zven	Раз-два-три — жмите вместе!	Раз-два-три — жмите [кнопка] вместе, в один миг!	[excited]	P0	
4-B_z10	4-Б · этап 3 · Узда	zven	Узда на Змее — вот так!	Узда на Змее — вот так!	[cheerfully]	P2	
5-B1_z01	5-Б1 · Кощей-выстоять	zven	Тени дерутся, как мы — меняй защиту!	Тени-двойники дерутся, как мы	[urgently]	P0	
5-B1_z02	5-Б1 · Кощей-выстоять	zven	Щит, отбив, кувырок — пусть гадают!	Меняй приёмы: щит	[excited]	P1	
5-B1_z03	5-Б1 · Кощей-выстоять	zven	Слиток — клещами в печь у стены!	Золотой слиток клещами	[urgently]	P0	
5-B1_z04	5-Б1 · Кощей-выстоять	zven	Длинный замах — стреляй в жёлудь!	видишь жёлудь? Из рогатки	[excited]	P1	
5-B1_z05	5-Б1 · Кощей-выстоять	zven	Кощей иглу поднял — закройте Пелагею!	Кощей иглу поднял	[urgently]	P0	
5-B1_z06	5-Б1 · Кощей-выстоять	zven	Потап — щит, Прошка стреляет, Йоша поливает.	Потап — щитом, Прошка стреляет	[urgently]	P1	
5-B2_z01	5-Б2 · урок 1 · свечи	zven	Свеча плюётся каплей — щит в последний миг!	Свеча плюётся синей каплей	[urgently]	P0	E.LES[1]
5-B2_z02	5-Б2 · урок 1 · свечи	zven	Капля вернётся — свеча погаснет!	Капля вернётся — свеча погаснет!	[excited]	P0	E.LES[1]
5-B2_z03	5-Б2 · урок 1 · свечи	zven	Красный круг — молния! Кувырок!	Красный круг на земле —	[urgently]	P1	E.LES[1]
5-B2_z04	5-Б2 · урок 2 · Леший в цепи	zven	Встань в зелёный круг у Лешего.	Встань в зелёный круг у Лешего	[calmly]	P0	E.LES[2]
5-B2_z05	5-Б2 · урок 2 · Леший в цепи	zven	Молния! Уйди кувырком!	Кощей ударит молнией	[urgently]	P0	E.LES[2]
5-B2_z06	5-Б2 · урок 2 · Леший в цепи	zven	Леший свободен — зови «Ко мне!»	Леший свободен!	[cheerfully]	P1	E.LES[2]
5-B2_z07	5-Б2 · урок 3 · мороки на пнях	zven	Настоящий — только один!	Настоящий — только один!	[calmly]	P0	E.LES[3]
5-B2_z08	5-Б2 · урок 3 · мороки на пнях	zven	Совиный взор подсветит настоящего золотом.	Совиный взор [кнопка] подсветит его золотом	[calmly]	P0	E.LES[3]
5-B2_z09	5-Б2 · урок 3 · мороки на пнях	zven	Щит в последний миг — капля вернётся!	Все четверо бросают капли	[urgently]	P1	E.LES[3]
5-B2_z10	5-Б2 · урок 4 · избушка Яги	zven	Красная дорожка — избушка разбежится!	Красная дорожка — избушка разбежится	[urgently]	P0	E.LES[4]
5-B2_z11	5-Б2 · урок 4 · избушка Яги	zven	Встань к дубу, уйди вбок — застрянет!	Встань спиной к старому дубу	[urgently]	P0	E.LES[4]
5-B2_z12	5-Б2 · урок 4 · избушка Яги	zven	Избушка села — бейте разом!	Избушка села.	[excited]	P1	E.LES[4]
5-B2_z13	5-Б2 · урок 5 · колокола Китежа	zven	Запоминай порядок колоколов!	Кощей бьёт в колокола по порядку	[calmly]	P0	E.LES[5]
5-B2_z14	5-Б2 · урок 5 · колокола Китежа	zven	Звони в том же порядке!	звони в том же порядке	[excited]	P0	E.LES[5]
5-B2_z15	5-Б2 · урок 5 · колокола Китежа	zven	Щуки! Красный круг — уйди!	Со второй цепи — щуки	[urgently]	P1	E.LES[5]
5-B2_z16	5-Б2 · урок 6 · Жар-птица в клетке	zven	Сирин — синий свет, Алконост — золотой.	Коснись Сирин — синий свет печали	[calmly]	P0	E.LES[6]
5-B2_z17	5-Б2 · урок 6 · Жар-птица в клетке	zven	Замки — удар разом, каждый своим светом!	Замки клетки — удар [кнопка] разом	[excited]	P0	E.LES[6]
5-B2_z18	5-Б2 · урок 6 · Жар-птица в клетке	zven	Свист синий — за щит или облако!	Синий свист — за щит Потапа	[urgently]	P1	E.LES[6]
5-B2_z19	5-Б2 · урок 7 · Калинов мост	zven	Бей мех, когда кольцо сошлось!	бей мех [кнопка], когда кольцо сошлось	[urgently]	P0	E.LES[7]
5-B2_z20	5-Б2 · урок 7 · Калинов мост	zven	Узду несут двое — не разойдитесь!	Золотую узду несут двое	[urgently]	P0	E.LES[7]
5-B2_z21	5-Б2 · урок 7 · Калинов мост	zven	Красная дорожка — перейди на другую!	Красная дорожка заполняется — перейди на другую	[urgently]	P1	E.LES[7]
5-B2_z22	5-Б2 · урок 8 · Кощей в небе	zven	Тёмный шар — щит в последний миг!	Кощей бросает тёмный шар	[urgently]	P0	E.LES[8]
5-B2_z23	5-Б2 · урок 8 · Кощей в небе	zven	Друг отбивает шар вверх — в Кощея!	Шар полетит к другу	[excited]	P0	E.LES[8]
5-B2_z24	5-Б2 · урок 8 · Кощей в небе	zven	Лиловый круг — уйди кувырком!	Лиловый круг — Кощей пикирует	[urgently]	P1	E.LES[8]
5-B2_z25	5-Б2 · урок 9 · Застава	zven	Кощей прыгает — перепрыгни волну!	Кощей прыгает — по земле бежит волна	[urgently]	P0	E.LES[9]
5-B2_z26	5-Б2 · урок 9 · Застава	zven	У щитников щит спереди — бей сбоку!	Спереди у них щит	[urgently]	P0	E.LES[9]
5-B2_z27	5-Б2 · урок 9 · Застава	zven	Трубит рог — встаньте у знамён!	Трубит рог — встаньте у знамён Заставы	[excited]	P1	E.LES[9]
5-B2_z28	5-Б2 · урок 10 · Цепной великан	zven	Кулак бьёт в красный круг — кувырок!	Кулак бьёт в красный круг	[urgently]	P0	E.LES[10]
5-B2_z29	5-Б2 · урок 10 · Цепной великан	zven	Три пробоя по замку на груди.	Три раза надо расколоть замок	[calmly]	P0	E.LES[10]
5-B2_z30	5-Б2 · урок 10 · Цепной великан	zven	Бейте обе заклёпки — великан опустится!	Бей заклёпку на колене	[excited]	P1	E.LES[10]
5-B2_z31	5-Б2 · урок 11 · страница-стена	zven	«Ко мне!» — золотая рябь найдёт трещину.	«Ко мне!» [кнопка] — обоим: золотая рябь	[calmly]	P0	E.LES[11]
5-B2_z32	5-Б2 · урок 11 · страница-стена	zven	Ударьте в трещину с двух сторон!	Ударьте оба в трещину с двух сторон	[excited]	P0	E.LES[11]
5-B2_z33	5-Б2 · урок 11 · страница-стена	zven	К замершему другу — держи щит!	Беги к замершему другу той сказки	[urgently]	P1	E.LES[11]
5-B2_z34	5-Б2 · урок 12 · застёжка на дубе	zven	Игла у Прошки — бей в такт!	Прошка с иглой у наковальни	[excited]	P0	E.LES[12]
5-B2_z35	5-Б2 · урок 12 · застёжка на дубе	zven	Иглу несёт светящийся — передай другу!	Иглу несёт герой со свечением	[calmly]	P1	E.LES[12]
5-B2_z36	5-Б2 · урок 12 · застёжка на дубе	zven	Кощей заслушался — бейте цепи!	Кощей заслушался — бейте!	[excited]	P1	E.LES[12]
3-1_v01	Мини-босс · Кощеев Ворон (3-1)	zven	Царь-яблоко — у колодца. Там Ворон!	Последнее, Царь-яблоко, — у колодца	[urgently]	P1	
3-1_v02	Мини-босс · Кощеев Ворон (3-1)	voron	Кар-р! Царь-яблоко — Кощею!	Кар-р! Царь-яблоко — Кощею!	[cawing, menacing]	P0	
3-1_v03	Мини-босс · Кощеев Ворон (3-1)	proshka	Не отдадим!	Не отдадим!	[defiant]	P1	
3-1_v04	Мини-босс · Кощеев Ворон (3-1)	voron	Триста лет живу! Кар-р!	Триста лет живу — и не таких видал	[cawing, boastful]	P1	
3-1_v05	Мини-босс · Кощеев Ворон (3-1)	zven	Ворон света боится! Зажгите обе чаши!	Ворон света боится!	[urgently]	P0	
3-1_v06	Мини-босс · Кощеев Ворон (3-1)	zven	Пикирует — красное! Кувырок!	пикирует — красное: кувырок	[urgently]	P0	
3-1_v07	Мини-босс · Кощеев Ворон (3-1)	zven	Яблочки светят — их не задуть!	Перья задул! А яблочки светят	[calmly]	P1	
3-1_v08	Мини-босс · Кощеев Ворон (3-1)	zven	Ослеп! В свете — бейте!	Ослеп! В свете — бейте!	[excited]	P0	
3-1_v09	Мини-босс · Кощеев Ворон (3-1)	voron	Кар-р! Не дамся! Царь-яблоко — моё!	Кар-р! Не дамся! Царь-яблоко — моё!	[cawing, angry]	P1	
3-1_v10	Мини-босс · Кощеев Ворон (3-1)	yosha	Яблочком — по Ворону? Помолодеет!	Яблочком — по Ворону? Помолодеет!	[playful]	P1	
3-1_v11	Мини-босс · Кощеев Ворон (3-1)	zven	Бросай яблоко, когда он замахнулся!	Ворон увёртывается! Бросай	[urgently]	P0	
3-1_v12	Мини-босс · Кощеев Ворон (3-1)	voron	Кар! Пёрышки… мягкие стали!	Кар! Пёрышки… мягкие стали!	[cawing, surprised]	P1	
3-1_v13	Мини-босс · Кощеев Ворон (3-1)	voron	Кар-р… что со мной? Я… маленький?!	Кар-р… что со мной?	[cawing, shocked]	P1	
3-1_v14	Мини-босс · Кощеев Ворон (3-1)	voronenok	Кар?.. Пи-пи!	Кар?.. Пи-пи!	[chirping, tiny]	P1	
3-1_v15	Мини-босс · Кощеев Ворон (3-1)	proshka	Ворон — воронёнком стал!	Ворон — воронёнком стал!	[amazed]	P2	
3-1_v16	Мини-босс · Кощеев Ворон (3-1)	pelageya	Какой маленький… Не бойся.	Какой маленький… Не бойся.	[warmly]	P2	
3-1_v17	Мини-босс · Кощеев Ворон (3-1)	zven	Царь-яблоко — Жар-птице! Вон она!	Царь-яблоко — Жар-птице! Вон она летит	[excited]	P1	
3-1_v18	Мини-босс · Кощеев Ворон (3-1)	zhar	А воронёнка я сама выращу.	А воронёнка я сама выращу	[warmly]	P2	
3-2_b01	Мини-босс · Громовой Баран (3-2)	baran	Кто тут?! Где мой сынок?!	Кто тут?! Где мой сынок?!	[booming, angry]	P0	
3-2_b02	Мини-босс · Громовой Баран (3-2)	yosha	Пушок спрятался. Боится!	Пушок спрятался. Боится!	[worried]	P2	
3-2_b03	Мини-босс · Громовой Баран (3-2)	zven	Баран бежит на свет — встаньте у стожка!	Он бежит на свет! Встаньте у пухлого стожка	[urgently]	P0	
3-2_b04	Мини-босс · Громовой Баран (3-2)	zven	Сухой стожок! Йоша, полей живой водой!	Сухой стожок Баран разметал	[urgently]	P1	
3-2_b05	Мини-босс · Громовой Баран (3-2)	zven	Увяз! Ведите Пушка — скорей!	Увяз! Ведите Пушка	[urgently]	P1	
3-2_b06	Мини-босс · Громовой Баран (3-2)	zven	Увяз! В свете бейте — шерсть мягкая!	Увяз! В свете бейте	[excited]	P0	
3-2_b07	Мини-босс · Громовой Баран (3-2)	potap	Взял барана за рога!	Взял быка… то есть барана — за рога!	[gruff, laughing]	P2	
3-2_b08	Мини-босс · Громовой Баран (3-2)	baran	Не дамся! Грому-у-у!	Не дамся! Грому-у-у!	[booming, furious]	P1	
3-2_b09	Мини-босс · Громовой Баран (3-2)	zven	Тучей обернулся! Радуга — дорога наверх!	Тучей обернулся!	[urgently]	P0	
3-2_b10	Мини-босс · Громовой Баран (3-2)	zven	Кольцо по туче — прыгай, не то сдует!	Кольцо по туче бежит	[urgently]	P1	
3-2_b11	Мини-босс · Громовой Баран (3-2)	baran	Где я? Кто вы?! Не подходи!	Бе-е… Где я? Кто вы?! Не подходи!	[booming, confused]	P1	
3-2_b12	Мини-босс · Громовой Баран (3-2)	pelageya	Он своих не узнаёт. Позови папу, Пушок!	Он своих не узнаёт.	[gently]	P1	
3-2_b13	Мини-босс · Громовой Баран (3-2)	pushok	Бе-е! Папа!	Бе-е! Папа!	[bleating, tiny]	P0	
3-2_b14	Мини-босс · Громовой Баран (3-2)	baran	Пушок?.. Сынок! Нашёлся…	Пушок?.. Сынок! Нашёлся…	[moved, softly]	P0	
3-2_b15	Мини-босс · Громовой Баран (3-2)	zven	Нить толстая — зажгите два пера.	Нить толстая — одного пера мало. Зажгите рядом два пера.	[calmly]	P1	
3-2_b16	Мини-босс · Громовой Баран (3-2)	zven	Дзинь! Стадо — вместе!	Дзинь! Стадо — вместе!	[cheerfully]	P2	
3-2_b17	Мини-босс · Громовой Баран (3-2)	veter	Ух, спасибо, малые!	Ух, спасибо, малые!	[whooshing, cheerful]	P2	
3-2_b18	Мини-босс · Громовой Баран (3-2)	baran	Спасибо, малые. Держите звено.	Спасибо, малые. Держите — с радуги звено	[warmly]	P1	
2-1_r01	Мини-босс · Рак-Отшельник (2-1)	zven	Раковину не пробить — сыграйте музыку!	Раковину не пробить	[calmly]	P0	
2-1_r02	Мини-босс · Рак-Отшельник (2-1)	zven	Один играет — другой бьёт!	Один играет — другой бьёт!	[excited]	P0	
2-1_r03	Мини-босс · Рак-Отшельник (2-1)	otshel	Ой, музыка! Пляшу!	Ой, музыка! Пляшу!	[delighted]	P1	
2-1_r04	Мини-босс · Рак-Отшельник (2-1)	zven	Заслушался! Бей, пока пляшет!	Заслушался! Пока играют гусли	[excited]	P0	
2-1_r05	Мини-босс · Рак-Отшельник (2-1)	zven	Пробой! Рака вытянет только Потап.	Пробой! Вытянуть рака из раковины	[urgently]	P0	
2-1_r06	Мини-босс · Рак-Отшельник (2-1)	potap	Потап — тяни его за клешню!	Потап — тяни его за клешню!	[gruff]	P2	
2-1_r07	Мини-босс · Рак-Отшельник (2-1)	zven	Рак удирает! Зажмите с двух сторон!	Рак удирает! Зажмите его с двух сторон	[urgently]	P0	
2-1_r08	Мини-босс · Рак-Отшельник (2-1)	zven	Песок — щитом в последний миг!	Песок отбей щитом	[urgently]	P1	
2-1_r09	Мини-босс · Рак-Отшельник (2-1)	zven	Зарылся! Совиный взор найдёт под песком.	Рак зарылся! Совиный взор	[calmly]	P1	
5-1_l01	Мини-босс · Лихо Одноглазое (5-1)	zven	Бери вещь по знаку на земле!	берёт ту, чей знак на земле	[calmly]	P1	
5-1_l02	Мини-босс · Лихо Одноглазое (5-1)	zven	Голова дует! Потап — щит навстречу!	Потап — щит [кнопка] навстречу ветру	[urgently]	P1	
5-1_l03	Мини-босс · Лихо Одноглазое (5-1)	zven	Один светит у хрусталика — по лучу.	один светит пером у хрусталика	[calmly]	P2	
5-1_l04	Мини-босс · Лихо Одноглазое (5-1)	zven	Коршун целится! Рогатка или гусли!	Коршун нацелился — жди крик	[urgently]	P0	
5-1_l05	Мини-босс · Лихо Одноглазое (5-1)	zven	Коршун на песке! Бейте — распутаем!	Коршун на песке!	[excited]	P2	
5-1_l06	Мини-босс · Лихо Одноглазое (5-1)	zven	Иди шагом — в стаде Лихо не видит.	в стаде овец Лихо тебя не видит	[whispers]	P0	
5-1_l07	Мини-босс · Лихо Одноглазое (5-1)	zven	Лихо заметило! Начнём сначала.	ещё раз — от первого стада, сначала	[worried]	P1	
5-1_l08	Мини-босс · Лихо Одноглазое (5-1)	zven	Зеркальце — Лиху! Пусть на себя глядит.	Повернись к Лиху спиной	[urgently]	P0	
5-1_l09	Мини-босс · Лихо Одноглазое (5-1)	zven	Прыгайте через бревно по очереди!	Прыгайте по очереди: сначала один	[urgently]	P0	
5-1_l10	Мини-босс · Лихо Одноглазое (5-1)	zven	Гусли у головы — колыбельная!	гусли у головы	[calmly]	P0	
5-1_l11	Мини-босс · Лихо Одноглазое (5-1)	zven	Перо у лапы — щекочи, витки сойдут!	перо у лапы — щекочи	[whispers]	P1	
5-1_l12	Мини-босс · Лихо Одноглазое (5-1)	zven	Храп стих — замри!	Храп стих — сейчас Лихо приоткроет глаз	[whispers]	P0	
5-1_l13	Мини-босс · Лихо Одноглазое (5-1)	zven	Лихо проснулось! Играй колыбельную!	Лихо проснулось! Колыбельная на гуслях	[urgently]	P0	
5-1_l14	Мини-босс · Лихо Одноглазое (5-1)	zven	Крышку — вдвоём! Тихо, Лихо спит.	крышку поднимают вдвоём	[whispers]	P1	
5-1_l15	Мини-босс · Лихо Одноглазое (5-1)	zven	Помоги поднять крышку — вместе!	Помоги поднять крышку	[whispers]	P1	
5-1_l16	Мини-босс · Лихо Одноглазое (5-1)	zven	Замок открыт — цепей меньше!	золотых цепей на сундуке осталось: 4	[cheerfully]	P2	
